id,category,layer,keyword,reader,level,hub,demand,suggestions,status,slug,note
J-0033,Grammar,,shi japanese grammar,,N4,Grammar,2,10,idea,,
J-0041,Grammar,,you ni japanese grammar,,N4,Grammar,2,10,idea,,
J-0042,Grammar,,tsumori japanese grammar,,N4,Grammar,2,10,idea,,
J-0043,Grammar,,tokoro japanese grammar,,N4,Grammar,2,10,idea,,
J-0047,Grammar,,bakari japanese grammar,,N3,Grammar,2,10,idea,,
J-0051,Grammar,,wake japanese grammar,,N3,Grammar,2,10,idea,,
J-0058,Grammar,,hodo japanese grammar,,N3,Grammar,2,10,idea,,
J-0060,Grammar,,sae japanese grammar,,N2,Grammar,2,10,idea,,
J-0064,Particles,①似た単語,wa vs ga japanese,,,Particles,2,10,idea,,
J-0068,Particles,①似た単語,mo particle japanese,,,Particles,2,10,idea,,
J-0070,Particles,①似た単語,kara made japanese,,,Particles,2,10,idea,,
J-0071,Particles,①似た単語,yori japanese,,,Particles,2,10,idea,,
J-0072,Particles,①似た単語,no particle japanese,,,Particles,2,10,idea,,
J-0073,Particles,①似た単語,ka particle japanese,,,Particles,2,10,idea,,
J-0077,Particles,①似た単語,ni vs to japanese,,,Particles,2,10,idea,,
J-0080,Particles,①似た単語,demo particle japanese,,,Particles,2,10,idea,,
J-0103,Phrases,②機能の言い換え,how to say sorry in japanese,,,Phrases,2,10,idea,,
J-0104,Phrases,②機能の言い換え,how to say thank you in japanese,,,Phrases,2,10,idea,,
J-0105,Phrases,②機能の言い換え,how to say please in japanese,,,Phrases,2,10,idea,,
J-0106,Phrases,②機能の言い換え,how to say no politely in japanese,,,Phrases,2,10,idea,,
J-0107,Phrases,②機能の言い換え,how to ask permission in japanese,,,Phrases,2,10,selected,permission-in-japanese,selected 2026-10-01
J-0109,Phrases,②機能の言い換え,how to invite someone in japanese,,,Phrases,2,10,idea,,
J-0111,Phrases,②機能の言い換え,how to say i think in japanese,,,Phrases,2,10,idea,,
J-0112,Phrases,②機能の言い換え,how to say because in japanese,,,Phrases,2,10,idea,,
J-0113,Phrases,②機能の言い換え,how to say but in japanese,,,Phrases,2,10,idea,,
J-0114,Phrases,②機能の言い換え,how to say maybe in japanese,,,Phrases,2,10,idea,,
J-0115,Phrases,②機能の言い換え,how to say must in japanese,,,Phrases,2,10,idea,,
J-0116,Phrases,②機能の言い換え,how to say want in japanese,,,Phrases,2,10,idea,,
J-0117,Phrases,②機能の言い換え,how to say can in japanese,,,Phrases,2,10,idea,,
J-0118,Phrases,②機能の言い換え,how to say i don't know in japanese,,,Phrases,2,10,idea,,
J-0119,Phrases,②機能の言い換え,how to say excuse me in japanese,,,Phrases,2,10,idea,,
J-0120,Phrases,②機能の言い換え,how to say hello in japanese,,,Phrases,2,10,idea,,
J-0121,Phrases,②機能の言い換え,how to say goodbye in japanese,,,Phrases,2,10,idea,,
J-0122,Phrases,②機能の言い換え,how to say yes in japanese,,,Phrases,2,10,idea,,
J-0123,Phrases,②機能の言い換え,how to say if in japanese,,,Phrases,2,10,idea,,
J-0124,Phrases,②機能の言い換え,how to agree in japanese,,,Phrases,2,10,idea,,
J-0139,Politeness,③丁寧さ・場面の違い,teineigo,,,Politeness,2,10,idea,,
J-0140,Politeness,③丁寧さ・場面の違い,otsukaresama meaning,,,Phrases,2,10,idea,,
J-0141,Politeness,③丁寧さ・場面の違い,yoroshiku onegaishimasu meaning,,,Phrases,2,10,idea,,
J-0142,Politeness,③丁寧さ・場面の違い,itadakimasu meaning,,,Phrases,2,10,idea,,
J-0143,Politeness,③丁寧さ・場面の違い,ganbatte meaning,,,Phrases,2,10,idea,,
J-0144,Phrases,③丁寧さ・場面の違い,japanese phrases restaurant,,,Phrases,2,10,idea,,
J-0150,Phrases,③丁寧さ・場面の違い,japanese self introduction,,,Phrases,2,10,idea,,
J-0153,Phrases,③丁寧さ・場面の違い,japanese phrases for travel,,,Phrases,2,10,idea,,
J-0155,Study,,how to learn hiragana,,,Study,2,10,idea,,
J-0156,Study,,how to learn katakana,,,Study,2,10,idea,,
J-0157,Study,,how to learn kanji,,,Study,2,10,idea,,
J-0158,Study,,how to learn japanese,,,Study,2,10,idea,,
J-0159,Study,,how to learn japanese fast,,,Study,2,10,idea,,
J-0160,Study,,how to study for jlpt n5,,,Study,2,10,idea,,
J-0161,Study,,how to study for jlpt n4,,,Study,2,10,idea,,
J-0162,Study,,how to study for jlpt n3,,,Study,2,10,idea,,
J-0163,Study,,how to study for jlpt n2,,,Study,2,10,idea,,
J-0164,Study,,how to study for jlpt n1,,,Study,2,10,idea,,
J-0165,Study,,japanese for beginners,,,Study,2,10,idea,,
J-0166,Study,,japanese listening practice,,,Study,2,10,idea,,
J-0167,Study,,japanese speaking practice,,,Study,2,10,idea,,
J-0168,Study,,japanese reading practice,,,Study,2,10,idea,,
J-0169,Study,,japanese pitch accent,,,Study,2,10,idea,,
J-0172,Study(読者別),,how to learn kanji for beginners,for beginners,,Study,2,10,idea,,
J-0173,Study(読者別),,how to learn japanese for kids,for kids,,Study,2,10,idea,,
J-0174,Study(読者別),,how to learn japanese for beginners,for beginners,,Study,2,10,idea,,
J-0031,Grammar,,noni japanese grammar,,N4,Grammar,2,9,idea,,
J-0035,Grammar,,hazu japanese grammar,,N4,Grammar,2,9,idea,,
J-0049,Grammar,,mitai japanese grammar,,N3,Grammar,2,9,idea,,
J-0065,Particles,①似た単語,ni vs de japanese,,,Particles,2,9,idea,,
J-0026,Grammar,,rashii japanese grammar,,N4,Grammar,2,8,idea,,
J-0059,Grammar,,kurai japanese grammar,,N3,Grammar,2,8,idea,,
J-0079,Particles,①似た単語,toka particle japanese,,,Particles,2,8,idea,,
J-0110,Phrases,②機能の言い換え,how to give advice in japanese,,,Phrases,2,8,idea,,
J-0129,Politeness,③丁寧さ・場面の違い,kedo vs demo japanese,,,Politeness,2,8,idea,,
J-0021,Grammar,,passive form japanese grammar,,N4,Grammar,2,7,idea,,
J-0024,Grammar,,sou desu japanese grammar,,N4,Grammar,2,7,idea,,
J-0038,Grammar,,nagara japanese grammar,,N4,Grammar,2,7,idea,,
J-0040,Grammar,,tame ni japanese grammar,,N4,Grammar,2,7,idea,,
J-0061,Grammar,,koso japanese grammar,,N2,Grammar,2,7,idea,,
J-0067,Particles,①似た単語,o vs ga japanese,,,Particles,2,7,idea,,
J-0078,Particles,①似た単語,sentence ending particles japanese,,,Particles,2,7,idea,,
J-0154,Phrases,③丁寧さ・場面の違い,japanese phrases shopping,,,Phrases,2,7,idea,,
J-0175,Study(読者別),,how to learn japanese for business,for business,,Study,2,7,idea,,
J-0016,Grammar,,volitional form japanese grammar,,N4,Grammar,2,6,idea,,
J-0025,Grammar,,you desu japanese grammar,,N4,Grammar,2,6,idea,,
J-0032,Grammar,,node japanese grammar,,N4,Grammar,2,6,idea,,
J-0037,Grammar,,deshou japanese grammar,,N5,Grammar,2,6,idea,,
J-0048,Grammar,,ppoi japanese grammar,,N3,Grammar,2,6,idea,,
J-0055,Grammar,,ni tsuite japanese grammar,,N4,Grammar,2,6,idea,,
J-0057,Grammar,,ba yokatta japanese grammar,,N3,Grammar,2,6,idea,,
J-0100,Synonyms,①似た単語,aru vs iru japanese,,,Synonyms,2,6,idea,,
J-0108,Phrases,②機能の言い換え,how to make a request in japanese,,,Phrases,2,6,idea,,
J-0145,Phrases,③丁寧さ・場面の違い,japanese phrases convenience store,,,Phrases,2,6,idea,,
J-0147,Phrases,③丁寧さ・場面の違い,japanese phrases hotel,,,Phrases,2,6,idea,,
J-0151,Phrases,③丁寧さ・場面の違い,japanese phone phrases,,,Phrases,2,6,idea,,
J-0152,Phrases,③丁寧さ・場面の違い,japanese email phrases,,,Phrases,2,6,idea,,
J-0171,Study(読者別),,how to learn katakana for beginners,for beginners,,Study,2,6,idea,,
J-0001,Grammar,,te form japanese grammar,,N5,Grammar,2,5,idea,,
J-0003,Grammar,,nai form japanese grammar,,N5,Grammar,2,5,idea,,
J-0004,Grammar,,ta form japanese grammar,,N5,Grammar,2,5,idea,,
J-0005,Grammar,,tai form japanese grammar,,N5,Grammar,2,5,idea,,
J-0022,Grammar,,causative form japanese grammar,,N4,Grammar,2,5,idea,,
J-0027,Grammar,,te shimau japanese grammar,,N4,Grammar,2,5,idea,,
J-0029,Grammar,,te miru japanese grammar,,N4,Grammar,2,5,idea,,
J-0036,Grammar,,kamoshirenai japanese grammar,,N4,Grammar,2,5,idea,,
J-0052,Grammar,,wake ja nai japanese grammar,,N3,Grammar,2,5,idea,,
J-0086,Synonyms,①似た単語,ageru kureru morau japanese,,,Synonyms,2,5,idea,,
J-0090,Synonyms,①似た単語,tsuku vs tsukeru japanese,,,Synonyms,2,5,idea,,
J-0102,Synonyms,①似た単語,mada vs mou japanese,,,Synonyms,2,5,idea,,
J-0127,Politeness,③丁寧さ・場面の違い,kudasai vs onegaishimasu japanese,,,Politeness,2,5,idea,,
J-0170,Study(読者別),,how to learn hiragana for beginners,for beginners,,Study,2,5,idea,,
J-0006,Grammar,,masen ka japanese grammar,,N5,Grammar,2,4,idea,,
J-0015,Grammar,,potential form japanese grammar,,N4,Grammar,2,4,idea,,
J-0045,Grammar,,koto ni suru japanese grammar,,N3,Grammar,2,4,idea,,
J-0046,Grammar,,koto ni naru japanese grammar,,N3,Grammar,2,4,idea,,
J-0056,Grammar,,ni totte japanese grammar,,N3,Grammar,2,4,idea,,
J-0063,Grammar,,kke japanese grammar,,N3,Grammar,2,4,idea,,
J-0066,Particles,①似た単語,ni vs e japanese,,,Particles,2,4,idea,,
J-0069,Particles,①似た単語,to vs ya japanese,,,Particles,2,4,idea,,
J-0075,Particles,①似た単語,dake vs shika japanese,,,Particles,2,4,idea,,
J-0081,Synonyms,①似た単語,miru vs mieru japanese,,,Synonyms,2,4,idea,,
J-0083,Synonyms,①似た単語,shiru vs wakaru japanese,,,Synonyms,2,4,idea,,
J-0087,Synonyms,①似た単語,aku vs akeru japanese,,,Synonyms,2,4,idea,,
J-0088,Synonyms,①似た単語,hairu vs ireru japanese,,,Synonyms,2,4,idea,,
J-0089,Synonyms,①似た単語,deru vs dasu japanese,,,Synonyms,2,4,idea,,
J-0097,Synonyms,①似た単語,ookii vs ookina japanese,,,Synonyms,2,4,idea,,
J-0128,Politeness,③丁寧さ・場面の違い,kara vs node japanese,,,Politeness,2,4,idea,,
J-0177,Study(読者別),,how to learn japanese fast for beginners,for beginners,,Study,2,4,idea,,
J-0007,Grammar,,mashou japanese grammar,,N5,Grammar,2,3,idea,,
J-0009,Grammar,,te mo ii japanese grammar,,N4,Grammar,2,3,idea,,
J-0023,Grammar,,causative passive japanese grammar,,N3,Grammar,2,3,idea,,
J-0028,Grammar,,te oku japanese grammar,,N4,Grammar,2,3,idea,,
J-0034,Grammar,,yasui nikui japanese grammar,,N4,Grammar,2,3,idea,,
J-0044,Grammar,,you ni naru japanese grammar,,N3,Grammar,2,3,idea,,
J-0053,Grammar,,wake ni wa ikanai japanese grammar,,N2,Grammar,2,3,idea,,
J-0074,Particles,①似た単語,ne vs yo japanese,,,Particles,2,3,idea,,
J-0085,Synonyms,①似た単語,iku vs kuru japanese,,,Synonyms,2,3,idea,,
J-0133,Politeness,③丁寧さ・場面の違い,hai vs ee japanese,,,Politeness,2,3,idea,,
J-0176,Study(読者別),,how to learn japanese fast for kids,for kids,,Study,2,3,idea,,
J-0008,Grammar,,te kudasai japanese grammar,,N5,Grammar,2,2,idea,,
J-0010,Grammar,,te wa ikenai japanese grammar,,N4,Grammar,2,2,idea,,
J-0050,Grammar,,ni yoru to japanese grammar,,N3,Grammar,2,2,idea,,
J-0076,Particles,①似た単語,made ni vs made japanese,,,Particles,2,2,idea,,
J-0084,Synonyms,①似た単語,omou vs kangaeru japanese,,,Synonyms,2,2,idea,,
J-0062,Grammar,,mono japanese grammar,,N2,Grammar,0,10,idea,,
J-0101,Synonyms,①似た単語,ima vs mou japanese,,,Synonyms,0,6,idea,,
J-0146,Phrases,③丁寧さ・場面の違い,japanese phrases train station,,,Phrases,0,6,idea,,
J-0082,Synonyms,①似た単語,kiku vs kikoeru japanese,,,Synonyms,0,5,idea,,
J-0099,Synonyms,①似た単語,naru vs suru japanese,,,Synonyms,0,5,idea,,
J-0125,Phrases,②機能の言い換え,how to disagree politely in japanese,,,Phrases,0,5,idea,,
J-0149,Phrases,③丁寧さ・場面の違い,japanese phrases workplace,,,Phrases,0,5,idea,,
J-0011,Grammar,,nakereba naranai japanese grammar,,N4,Grammar,0,4,idea,,
J-0091,Synonyms,①似た単語,kieru vs kesu japanese,,,Synonyms,0,4,idea,,
J-0135,Politeness,③丁寧さ・場面の違い,dekiru vs potential form japanese,,,Politeness,0,4,idea,,
J-0093,Synonyms,①似た単語,kirei vs utsukushii japanese,,,Synonyms,0,3,idea,,
J-0002,Grammar,,masu form japanese grammar,,N5,Grammar,0,2,idea,,
J-0020,Grammar,,to conditional japanese grammar,,N4,Grammar,0,2,idea,,
J-0148,Phrases,③丁寧さ・場面の違い,japanese phrases doctor,,,Phrases,0,2,idea,,
J-0012,Grammar,,i adjectives vs na adjectives japanese grammar,,N5,Grammar,0,0,idea,,
J-0013,Grammar,,ko so a do japanese grammar,,N5,Grammar,0,0,idea,,
J-0014,Grammar,,japanese counters japanese grammar,,N5,Grammar,0,0,idea,,
J-0017,Grammar,,ba form conditional japanese grammar,,N4,Grammar,0,0,idea,,
J-0018,Grammar,,tara conditional japanese grammar,,N4,Grammar,0,0,idea,,
J-0019,Grammar,,nara conditional japanese grammar,,N4,Grammar,0,0,idea,,
J-0030,Grammar,,te aru vs te iru japanese grammar,,N4,Grammar,0,0,idea,,
J-0039,Grammar,,mae ni ato de japanese grammar,,N5,Grammar,0,0,idea,,
J-0054,Grammar,,ni kanshite japanese grammar,,N3,Grammar,0,0,idea,,
J-0092,Synonyms,①似た単語,suki vs daisuki japanese,,,Synonyms,0,0,idea,,
J-0094,Synonyms,①似た単語,hayai 早い 速い japanese,,,Synonyms,0,0,idea,,
J-0095,Synonyms,①似た単語,atsui 暑い 熱い japanese,,,Synonyms,0,0,idea,,
J-0096,Synonyms,①似た単語,kaku 書く 描く japanese,,,Synonyms,0,0,idea,,
J-0098,Synonyms,①似た単語,takai yasui hikui japanese,,,Synonyms,0,0,idea,,
J-0126,Politeness,③丁寧さ・場面の違い,sumimasen vs gomennasai japanese,,,Politeness,0,0,idea,,
J-0130,Politeness,③丁寧さ・場面の違い,tabun vs kamoshirenai japanese,,,Politeness,0,0,idea,,
J-0131,Politeness,③丁寧さ・場面の違い,arigatou vs arigatou gozaimasu japanese,,,Politeness,0,0,idea,,
J-0132,Politeness,③丁寧さ・場面の違い,sayonara vs ja ne japanese,,,Politeness,0,0,idea,,
J-0134,Politeness,③丁寧さ・場面の違い,wakaranai vs shiranai japanese,,,Politeness,0,0,idea,,
J-0136,Politeness,③丁寧さ・場面の違い,tai vs hoshii japanese,,,Politeness,0,0,idea,,
J-0137,Politeness,③丁寧さ・場面の違い,desu masu vs casual japanese,,,Politeness,0,0,idea,,
J-0138,Politeness,③丁寧さ・場面の違い,sonkeigo vs kenjougo japanese,,,Politeness,0,0,idea,,
